id,service_name,service_id,product_id,shortcode,keyword,mo_url,service_type,creation_time,modification_time,service_status,service_created_by,sending_time,sms_status,try
"1","ATN Bangla Breaking News alert service","0303413052","0303413052","5959","AB",\N,"Subscription",\N,\N,"1",\N,\N,"processing","0"
"2","ATN Bangla Programme Schedule alert service","0303413054","0303413054","5959","APS",\N,"Subscription",\N,\N,"1",\N,\N,"processing","0"
"3","ATN Bangla Sports Update alert service","0303413053","0303413053","5959","S",\N,"Subscription",\N,\N,"1",\N,\N,"processing","0"
"4","ATN News TV Portal","0303413171","0303413171","5959","AW",\N,"Subscription",\N,\N,"1",\N,\N,"processing","0"
"5","ATN WAP Subscription alert service","0303413055","0303413055","5959","ATN",\N,"Subscription",\N,\N,"1",\N,\N,"processing","0"
"6","Beauty Tips alert service","0303413023","0303413023","5959","B",\N,"Subscription",\N,\N,"1",\N,\N,"processing","0"
"7","BOISHAKHI WAP Subscription alert service","0303413056","0303413056","5959","BSK",\N,"Subscription",\N,\N,"1",\N,\N,"processing","0"
"8","Breaking News alert service","0303413019","0303413019","5959","BN",\N,"Subscription",\N,\N,"1",\N,\N,"processing","0"
"9","Breaking News alert service","0303413043","0303413043","5959","SB",\N,"Subscription",\N,\N,"1",\N,\N,"processing","0"
"10","Business News alert service","0303413027","0303413027","5959","SBZ",\N,"Subscription",\N,\N,"1",\N,\N,"processing","0"
"11","CareerTips alert service","0303413047","0303413047","5959","SCT",\N,"Subscription",\N,\N,"1",\N,\N,"processing","0"
"12","Celebrity Info alert service","0303413031","0303413031","5959","SCI",\N,"Subscription",\N,\N,"1",\N,\N,"processing","0"
"13","Channel 16 Media Gossip alert service","0303413057","0303413057","5959","SMG",\N,"Subscription",\N,\N,"1",\N,\N,"processing","0"
"14","Channel i News Update alert service","0303413059","0303413059","5959","CHI",\N,"Subscription",\N,\N,"1",\N,\N,"processing","0"
"15","Channel i Programme Schedule alert service","0303413058","0303413058","5959","CHP",\N,"Subscription",\N,\N,"1",\N,\N,"processing","0"
"16","Cricket News alert service","0303413049","0303413049","5959","CRIC",\N,"Subscription",\N,\N,"1",\N,\N,"processing","0"
"17","Daily Manabzamin Breaking News alert service","0303413060","0303413060","5959","MB",\N,"Subscription",\N,\N,"1",\N,\N,"processing","0"
"18","Daily Manabzamin Daily News alert service","0303413063","0303413063","5959","MD",\N,"Subscription",\N,\N,"1",\N,\N,"processing","0"
"19","Daily Manabzamin Morning News alert service","0303413064","0303413064","5959","MM",\N,"Subscription",\N,\N,"1",\N,\N,"processing","0"
"20","Daily Manabzamin Namaz Alert alert service","0303413062","0303413062","5959","MNA",\N,"Subscription",\N,\N,"1",\N,\N,"processing","0"
"21","Daily Manabzamin Sehri & Iftar Alert alert service","0303413065","0303413065","5959","MSI",\N,"Subscription",\N,\N,"1",\N,\N,"processing","0"
"22","Daily Manabzamin Sport News alert service","0303413061","0303413061","5959","MS",\N,"Subscription",\N,\N,"1",\N,\N,"processing","0"
"23","Daily News alert service","0303413032","0303413032","5959","SD",\N,"Subscription",\N,\N,"1",\N,\N,"processing","0"
"24","Dhakar KanthoNews Update alert service","0303413066","0303413066","5959","DK",\N,"Subscription",\N,\N,"1",\N,\N,"processing","0"
"25","DhakaTimes24_Com Breaking News alert service","0303413071","0303413071","5959","DTB",\N,"Subscription",\N,\N,"1",\N,\N,"processing","0"
"26","DhakaTimes24_Com Daily News alert service","0303413069","0303413069","5959","DTD",\N,"Subscription",\N,\N,"1",\N,\N,"processing","0"
"27","DhakaTimes24_Com Entertainment News alert service","0303413068","0303413068","5959","DTE",\N,"Subscription",\N,\N,"1",\N,\N,"processing","0"
"28","DhakaTimes24_Com Sports News alert service","0303413070","0303413070","5959","DTS",\N,"Subscription",\N,\N,"1",\N,\N,"processing","0"
"29","DhakaTimes24_Com Stock News alert service","0303413067","0303413067","5959","DTST",\N,"Subscription",\N,\N,"1",\N,\N,"processing","0"
"30","Dnewsd.com Sports News alert service","0303413072","0303413072","5959","DSN",\N,"Subscription",\N,\N,"1",\N,\N,"processing","0"
"31","Dnewsd.comBraking News alert service","0303413073","0303413073","5959","DBN",\N,"Subscription",\N,\N,"1",\N,\N,"processing","0"
"32","dorre student_bar alert service","0303413078","0303413078","5959","DORRE7",\N,"Subscription",\N,\N,"1",\N,\N,"processing","0"
"33","dorre student_chi alert service","0303413080","0303413080","5959","DORRE2",\N,"Subscription",\N,\N,"1",\N,\N,"processing","0"
"34","dorre student_dha alert service","0303413079","0303413079","5959","DORRE1",\N,"Subscription",\N,\N,"1",\N,\N,"processing","0"
"35","dorre student_khu alert service","0303413076","0303413076","5959","DORRE3",\N,"Subscription",\N,\N,"1",\N,\N,"processing","0"
"36","dorre student_raj alert service","0303413074","0303413074","5959","DORRE4",\N,"Subscription",\N,\N,"1",\N,\N,"processing","0"
"37","dorre student_ran alert service","0303413077","0303413077","5959","DORRE5",\N,"Subscription",\N,\N,"1",\N,\N,"processing","0"
"38","dorre student_syl alert service","0303413075","0303413075","5959","DORRE6",\N,"Subscription",\N,\N,"1",\N,\N,"processing","0"
"39","Drama Portal (GDL)","0303413179","0303413179","5959","GDLDP",\N,"Subscription",\N,\N,"1",\N,\N,"processing","0"
"40","Drama Portal (GPhone)","0303413180","0303413180","5959","GPDP",\N,"Subscription",\N,\N,"1",\N,\N,"processing","0"
"41","Drama Portal (Imax)","0303413156","0303413156","5959","IDP",\N,"Subscription",\N,\N,"1",\N,\N,"processing","0"
"42","Drama Portal (Maxis)","0303413157","0303413157","5959","MDP",\N,"Subscription",\N,\N,"1",\N,\N,"processing","0"
"43","Drama Portal (Mode)","0303413178","0303413178","5959","MODP",\N,"Subscription",\N,\N,"1",\N,\N,"processing","0"
"44","Drama Portal (My cell)","0303413186","0303413186","5959","MCDP",\N,"Subscription",\N,\N,"1",\N,\N,"processing","0"
"45","Drama Portal (Octenn)","0303413154","0303413154","5959","ODP",\N,"Subscription",\N,\N,"1",\N,\N,"processing","0"
"46","Drama Portal (Symphony)","0303413184","0303413184","5959","SDP",\N,"Subscription",\N,\N,"1",\N,\N,"processing","0"
"47","Drama Portal (Winmax)","0303413155","0303413155","5959","WDP",\N,"Subscription",\N,\N,"1",\N,\N,"processing","0"
"48","Drama Portal(Kingstar)","0303413158","0303413158","5959","KDP",\N,"Subscription",\N,\N,"1",\N,\N,"processing","0"
"49","Entertainment News alert service","0303413015","0303413015","5959","SEN",\N,"Subscription",\N,\N,"1",\N,\N,"processing","0"
"50","ETV Breaking News alert service","0303413082","0303413082","5959","EB",\N,"Subscription",\N,\N,"1",\N,\N,"processing","0"
"51","ETV Daily News alert service","0303413086","0303413086","5959","ED",\N,"Subscription",\N,\N,"1",\N,\N,"processing","0"
"52","ETV Entertainment News alert service","0303413083","0303413083","5959","EEN",\N,"Subscription",\N,\N,"1",\N,\N,"processing","0"
"53","ETV Media Gossip alert service","0303413087","0303413087","5959","EMG",\N,"Subscription",\N,\N,"1",\N,\N,"processing","0"
"54","ETV Programme Schedule alert service","0303413081","0303413081","5959","EP",\N,"Subscription",\N,\N,"1",\N,\N,"processing","0"
"55","ETV Sports News alert service","0303413084","0303413084","5959","ES",\N,"Subscription",\N,\N,"1",\N,\N,"processing","0"
"56","ETV Stock News alert service","0303413085","0303413085","5959","ESN",\N,"Subscription",\N,\N,"1",\N,\N,"processing","0"
"57","ETV WAP Subscription alert service","0303413088","0303413088","5959","ETV",\N,"Subscription",\N,\N,"1",\N,\N,"processing","0"
"58","Event alert service","0303413037","0303413037","5959","SEV",\N,"Subscription",\N,\N,"1",\N,\N,"processing","0"
"59","Event Portal (Symphony)","0303413143","0303413143","5959","SEP",\N,"Subscription",\N,\N,"1",\N,\N,"processing","0"
"60","Fashion update alert service","0303413020","0303413020","5959","SFU",\N,"Subscription",\N,\N,"1",\N,\N,"processing","0"
"61","Fitness Health Tips alert service","0303413040","0303413040","5959","SFH",\N,"Subscription",\N,\N,"1",\N,\N,"processing","0"
"62","Food Factory (gdl Mobile) ","0303413173","0303413173","5959","GDLFF",\N,"Subscription",\N,\N,"1",\N,\N,"processing","0"
"63","Food Factory (GPhone Mobile) ","0303413174","0303413174","5959","GPFF",\N,"Subscription",\N,\N,"1",\N,\N,"processing","0"
"64","Food Factory (Imax)","0303413166","0303413166","5959","IFF",\N,"Subscription",\N,\N,"1",\N,\N,"processing","0"
"65","Food Factory (Imax)","0303413161","0303413161","5959","IRM",\N,"Subscription",\N,\N,"1",\N,\N,"processing","0"
"66","Food Factory (Kingstar)","0303413163","0303413163","5959","KFF",\N,"Subscription",\N,\N,"1",\N,\N,"processing","0"
"67","Food Factory (Kingstar)","0303413168","0303413168","5959","KRM",\N,"Subscription",\N,\N,"1",\N,\N,"processing","0"
"68","Food Factory (Maxis)","0303413167","0303413167","5959","MFF",\N,"Subscription",\N,\N,"1",\N,\N,"processing","0"
"69","Food Factory (Maxis)","0303413162","0303413162","5959","MRM",\N,"Subscription",\N,\N,"1",\N,\N,"processing","0"
"70","Food Factory (Mode) ","0303413172","0303413172","5959","MOFF",\N,"Subscription",\N,\N,"1",\N,\N,"processing","0"
"71","Food Factory (My cell)","0303413188","0303413188","5959","MCFF",\N,"Subscription",\N,\N,"1",\N,\N,"processing","0"
"72","Food Factory (Octenn)","0303413164","0303413164","5959","OFF",\N,"Subscription",\N,\N,"1",\N,\N,"processing","0"
"73","Food Factory (Octenn)","0303413159","0303413159","5959","ORM",\N,"Subscription",\N,\N,"1",\N,\N,"processing","0"
"74","Food Factory (Symphony)","0303413142","0303413142","5959","SFF",\N,"Subscription",\N,\N,"1",\N,\N,"processing","0"
"75","Food Factory (Winmax)","0303413160","0303413160","5959","WFF",\N,"Subscription",\N,\N,"1",\N,\N,"processing","0"
"76","Food Factory (Winmax)","0303413165","0303413165","5959","WRM",\N,"Subscription",\N,\N,"1",\N,\N,"processing","0"
"77","Good Morning alert service","0303413025","0303413025","5959","SGM",\N,"Subscription",\N,\N,"1",\N,\N,"processing","0"
"78","Happy Life Tips alert service","0303413045","0303413045","5959","SHL",\N,"Subscription",\N,\N,"1",\N,\N,"processing","0"
"79","Hello Today Breaking News alert service","0303413090","0303413090","5959","HTB",\N,"Subscription",\N,\N,"1",\N,\N,"processing","0"
"80","Hello Today Exclusive News alert service","0303413089","0303413089","5959","HTE",\N,"Subscription",\N,\N,"1",\N,\N,"processing","0"
"81","Horoscope alert service","0303413029","0303413029","5959","SH",\N,"Subscription",\N,\N,"1",\N,\N,"processing","0"
"82","Household Tips alert service","0303413050","0303413050","5959","SHH",\N,"Subscription",\N,\N,"1",\N,\N,"processing","0"
"83","Imax Cricket News","0303413190","0303413190","5959","IMXCN",\N,"Subscription",\N,\N,"1",\N,\N,"processing","0"
"84","Imax News Alert","0303413193","0303413193","5959","IMXBN",\N,"Subscription",\N,\N,"1",\N,\N,"processing","0"
"85","Independent Television Breaking News alert service  ","0303413007","0303413007","16232","B",\N,"Subscription",\N,\N,"1",\N,\N,"processing","0"
"86","Independent Television Business News alert service  ","0303413003","0303413003","16232","BN",\N,"Subscription",\N,\N,"1",\N,\N,"processing","0"
"87","Independent Television Daily News alert service  ","0303413004","0303413004","16232","DN",\N,"Subscription",\N,\N,"1",\N,\N,"processing","0"
"88","Independent Television Football Update alert service  ","0303413013","0303413013","16232","F",\N,"Subscription",\N,\N,"1",\N,\N,"processing","0"
"89","Independent Television International News alert service  ","0303413001","0303413001","16232","IN",\N,"Subscription",\N,\N,"1",\N,\N,"processing","0"
"90","Independent Television Media News alert service  ","0303413011","0303413011","16232","MN",\N,"Subscription",\N,\N,"1",\N,\N,"processing","0"
"91","Independent Television Morning News alert service  ","0303413006","0303413006","16232","M",\N,"Subscription",\N,\N,"1",\N,\N,"processing","0"
"92","Independent Television News Headline alert service  ","0303413010","0303413010","16232","H",\N,"Subscription",\N,\N,"1",\N,\N,"processing","0"
"93","Independent Television Sehri & Iftar alert service  ","0303413008","0303413008","16232","SI",\N,"Subscription",\N,\N,"1",\N,\N,"processing","0"
"94","Independent Television Sports News alert service  ","0303413012","0303413012","16232","S",\N,"Subscription",\N,\N,"1",\N,\N,"processing","0"
"95","Independent Television Stock News alert service  ","0303413005","0303413005","16232","SN",\N,"Subscription",\N,\N,"1",\N,\N,"processing","0"
"96","Independent Television TALASH alert service  ","0303413002","0303413002","16232","T",\N,"Subscription",\N,\N,"1",\N,\N,"processing","0"
"97","Independent Television Video On Demand alert service  ","0303413009","0303413009","16232","VOD",\N,"Subscription",\N,\N,"1",\N,\N,"processing","0"
"98","Independent Tv wap ","0303413169","0303413169","5959","ITV",\N,"Subscription",\N,\N,"1",\N,\N,"processing","0"
"99","Inspirational Quotes alert service","0303413051","0303413051","5959","IQ",\N,"Subscription",\N,\N,"1",\N,\N,"processing","0"
"100","International News alert service","0303413034","0303413034","5959","SIN",\N,"Subscription",\N,\N,"1",\N,\N,"processing","0"
"101","Islamic Info alert service","0303413014","0303413014","5959","IS",\N,"Subscription",\N,\N,"1",\N,\N,"processing","0"
"102","Islamic Portal ","0303413170","0303413170","5959","IP",\N,"Subscription",\N,\N,"1",\N,\N,"processing","0"
"103","Islamic portal(Symphony)","0303413140","0303413140","5959","SIP",\N,"Subscription",\N,\N,"1",\N,\N,"processing","0"
"104","JOB alert service","0303413018","0303413018","5959","SJOB",\N,"Subscription",\N,\N,"1",\N,\N,"processing","0"
"105","Jokes alert service","0303413039","0303413039","5959","J",\N,"Subscription",\N,\N,"1",\N,\N,"processing","0"
"106","Journal BD.Com Breaking News alert service","0303413092","0303413092","5959","JB",\N,"Subscription",\N,\N,"1",\N,\N,"processing","0"
"107","Kaler KanthoBreaking Newsalert service","0303413093","0303413093","5959","KB",\N,"Subscription",\N,\N,"1",\N,\N,"processing","0"
"108","Kaler KanthoSports Newsalert service","0303413094","0303413094","5959","KS",\N,"Subscription",\N,\N,"1",\N,\N,"processing","0"
"109","Kingstar Cricket News","0303413189","0303413189","5959","KSC",\N,"Subscription",\N,\N,"1",\N,\N,"processing","0"
"110","Kingstar News Alert","0303413192","0303413192","5959","KSN",\N,"Subscription",\N,\N,"1",\N,\N,"processing","0"
"111","Love Line alert service","0303413024","0303413024","5959","L",\N,"Subscription",\N,\N,"1",\N,\N,"processing","0"
"112","Love Tips alert service","0303413035","0303413035","5959","LT",\N,"Subscription",\N,\N,"1",\N,\N,"processing","0"
"113","Love Tips alert service","0303413044","0303413044","5959","SLT",\N,"Subscription",\N,\N,"1",\N,\N,"processing","0"
"114","MAASRANGA WAP Subscription alert service","0303413095","0303413095","5959","MTV",\N,"Subscription",\N,\N,"1",\N,\N,"processing","0"
"115","Media Fun ","0303413136","0303413136","5959","MF",\N,"Subscription",\N,\N,"1",\N,\N,"processing","0"
"116","Media Fun (2)","0303413138","0303413138","5959","MF2",\N,"Subscription",\N,\N,"1",\N,\N,"processing","0"
"117","Media Fun (Imax)","0303413145","0303413145","5959","IMF",\N,"Subscription",\N,\N,"1",\N,\N,"processing","0"
"118","Media Fun (Kingstar)","0303413146","0303413146","5959","KMF",\N,"Subscription",\N,\N,"1",\N,\N,"processing","0"
"119","Media Fun (Maxis)","0303413147","0303413147","5959","MMF",\N,"Subscription",\N,\N,"1",\N,\N,"processing","0"
"120","Media Fun (Octenn)","0303413144","0303413144","5959","OMF",\N,"Subscription",\N,\N,"1",\N,\N,"processing","0"
"121","Media Fun (Winmax)","0303413148","0303413148","5959","WMF",\N,"Subscription",\N,\N,"1",\N,\N,"processing","0"
"122","Media Gossip alert service","0303413042","0303413042","5959","MG",\N,"Subscription",\N,\N,"1",\N,\N,"processing","0"
"123","Media News alert service","0303413022","0303413022","5959","MNWS",\N,"Subscription",\N,\N,"1",\N,\N,"processing","0"
"124","Missing You Quotes alert service","0303413030","0303413030","5959","MUQ",\N,"Subscription",\N,\N,"1",\N,\N,"processing","0"
"125","Mohona Television Breaking News alert service","0303413096","0303413096","5959","MOHONA",\N,"Subscription",\N,\N,"1",\N,\N,"processing","0"
"126","Morning News alert service","0303413028","0303413028","5959","SM",\N,"Subscription",\N,\N,"1",\N,\N,"processing","0"
"127","Music News alert service","0303413026","0303413026","5959","SMN",\N,"Subscription",\N,\N,"1",\N,\N,"processing","0"
"128","MY TV Breaking News alert service","0303413098","0303413098","5959","MYB",\N,"Subscription",\N,\N,"1",\N,\N,"processing","0"
"129","MY TV Movie Schedulealert service","0303413097","0303413097","5959","MYC",\N,"Subscription",\N,\N,"1",\N,\N,"processing","0"
"130","My Tv Wap Portal","0303413137","0303413137","5959","MYTV",\N,"Subscription",\N,\N,"1",\N,\N,"processing","0"
"131","Namaz Alert alert service","0303413048","0303413048","5959","SNA",\N,"Subscription",\N,\N,"1",\N,\N,"processing","0"
"132","New Age Breaking News alert service","0303413101","0303413101","5959","NAB",\N,"Subscription",\N,\N,"1",\N,\N,"processing","0"
"133","New Age JOB alert service","0303413102","0303413102","5959","JOB",\N,"Subscription",\N,\N,"1",\N,\N,"processing","0"
"134","New Age Sports News alert service","0303413100","0303413100","5959","NAS",\N,"Subscription",\N,\N,"1",\N,\N,"processing","0"
"135","NTV Breaking News alert service","0303413103","0303413103","5959","NTV",\N,"Subscription",\N,\N,"1",\N,\N,"processing","0"
"136","NTV Celebrity Info alert service","0303413104","0303413104","5959","CLB",\N,"Subscription",\N,\N,"1",\N,\N,"processing","0"
"137","NTV WAP Subscription alert service","0303413105","0303413105","5959","N",\N,"Subscription",\N,\N,"1",\N,\N,"processing","0"
"138","Octeen Cricket News","0303413191","0303413191","5959","OTCN",\N,"Subscription",\N,\N,"1",\N,\N,"processing","0"
"139","Octeen News Alert","0303413194","0303413194","5959","OTBN",\N,"Subscription",\N,\N,"1",\N,\N,"processing","0"
"140","One TAKA (Kingstar)","0303413153","0303413153","5959","KOT",\N,"Subscription",\N,\N,"1",\N,\N,"processing","0"
"141","One TAKA (Maxis)","0303413152","0303413152","5959","MOT",\N,"Subscription",\N,\N,"1",\N,\N,"processing","0"
"142","One TAKA (Octenn)","0303413149","0303413149","5959","OOT",\N,"Subscription",\N,\N,"1",\N,\N,"processing","0"
"143","One TAKA (Symphony)","0303413139","0303413139","5959","SOT",\N,"Subscription",\N,\N,"1",\N,\N,"processing","0"
"144","One TAKA (Winmax)","0303413150","0303413150","5959","WOT",\N,"Subscription",\N,\N,"1",\N,\N,"processing","0"
"145","One TAKA(Imax)","0303413151","0303413151","5959","IOT",\N,"Subscription",\N,\N,"1",\N,\N,"processing","0"
"146","Programme Schedule alert service","0303413016","0303413016","5959","SP",\N,"Subscription",\N,\N,"1",\N,\N,"processing","0"
"147","Recepi alert service","0303413017","0303413017","5959","RP",\N,"Subscription",\N,\N,"1",\N,\N,"processing","0"
"148","Redmedia","0303413141","0303413141","5959","REDMEDIA",\N,"Subscription",\N,\N,"1",\N,\N,"processing","0"
"149","Redmedia (GDL)","0303413182","0303413182","5959","GDLRM",\N,"Subscription",\N,\N,"1",\N,\N,"processing","0"
"150","Redmedia (Gphone)","0303413183","0303413183","5959","GPRM",\N,"Subscription",\N,\N,"1",\N,\N,"processing","0"
"151","Redmedia (Mode)","0303413181","0303413181","5959","MORM",\N,"Subscription",\N,\N,"1",\N,\N,"processing","0"
"152","Redmedia (My cell)","0303413187","0303413187","5959","MCRM",\N,"Subscription",\N,\N,"1",\N,\N,"processing","0"
"153","RisingBD Breaking News alert service","0303413108","0303413108","5959","RBB",\N,"Subscription",\N,\N,"1",\N,\N,"processing","0"
"154","RisingBD Entertainment News alert service","0303413106","0303413106","5959","RBE",\N,"Subscription",\N,\N,"1",\N,\N,"processing","0"
"155","RisingBD Sports News alert service","0303413107","0303413107","5959","RBS",\N,"Subscription",\N,\N,"1",\N,\N,"processing","0"
"156","RTV Beauty Tips alert service","0303413109","0303413109","5959","RBT",\N,"Subscription",\N,\N,"1",\N,\N,"processing","0"
"157","RTV Breaking News alert service","0303413112","0303413112","5959","RBN",\N,"Subscription",\N,\N,"1",\N,\N,"processing","0"
"158","RTV Love Quotes alert service","0303413111","0303413111","5959","RLQ",\N,"Subscription",\N,\N,"1",\N,\N,"processing","0"
"159","RTV Media Gossip alert service","0303413113","0303413113","5959","RMG",\N,"Subscription",\N,\N,"1",\N,\N,"processing","0"
"160","RTV News Update alert service","0303413110","0303413110","5959","RN",\N,"Subscription",\N,\N,"1",\N,\N,"processing","0"
"161","RTV Programme Schedule alert service","0303413114","0303413114","5959","RPS",\N,"Subscription",\N,\N,"1",\N,\N,"processing","0"
"162","RTV Sports News alert service","0303413115","0303413115","5959","RSN",\N,"Subscription",\N,\N,"1",\N,\N,"processing","0"
"163","RTV WAP Subscription alert service","0303413116","0303413116","5959","RTV",\N,"Subscription",\N,\N,"1",\N,\N,"processing","0"
"164","Special Greetings for Events alert service","0303413046","0303413046","5959","SGE",\N,"Subscription",\N,\N,"1",\N,\N,"processing","0"
"165","Sports News alert service","0303413038","0303413038","5959","SS",\N,"Subscription",\N,\N,"1",\N,\N,"processing","0"
"166","Star_Link_with_ Abdun Noor Tushar alert service","0303413119","0303413119","5959","TUSHAR",\N,"Subscription",\N,\N,"1",\N,\N,"processing","0"
"167","Star_Link_with_ Hassan Abidur Reja Jewel alert service","0303413120","0303413120","5959","JEWEL",\N,"Subscription",\N,\N,"1",\N,\N,"processing","0"
"168","Star_Link_with_ Joy Shahriar alert service","0303413118","0303413118","5959","JOY",\N,"Subscription",\N,\N,"1",\N,\N,"processing","0"
"169","Star_Link_with_ Parvez Sazzad alert service","0303413117","0303413117","5959","PARVEZ",\N,"Subscription",\N,\N,"1",\N,\N,"processing","0"
"170","Stock Info alert service","0303413021","0303413021","5959","SI",\N,"Subscription",\N,\N,"1",\N,\N,"processing","0"
"171","Stock News alert service","0303413036","0303413036","5959","SN",\N,"Subscription",\N,\N,"1",\N,\N,"processing","0"
"172","The Daily Samakal Sehri & Iftar Alert alert service","0303413121","0303413121","5959","SSI",\N,"Subscription",\N,\N,"1",\N,\N,"processing","0"
"173","The Independent Breaking News alert service","0303413126","0303413126","5959","IBN",\N,"Subscription",\N,\N,"1",\N,\N,"processing","0"
"174","The Independent Business News alert service  ","0303413131","0303413131","16232","IBZ",\N,"Subscription",\N,\N,"1",\N,\N,"processing","0"
"175","The Independent Entertainment News alert service","0303413128","0303413128","5959","IEN",\N,"Subscription",\N,\N,"1",\N,\N,"processing","0"
"176","The Independent Morning News alert service  ","0303413129","0303413129","16232","IMN",\N,"Subscription",\N,\N,"1",\N,\N,"processing","0"
"177","The Independent Sports News alert service  ","0303413130","0303413130","16232","ISP",\N,"Subscription",\N,\N,"1",\N,\N,"processing","0"
"178","The Independent Stock News alert service","0303413127","0303413127","5959","ISN",\N,"Subscription",\N,\N,"1",\N,\N,"processing","0"
"179","TimesWorld24_Com_ Breaking News alert service  ","0303413134","0303413134","16232","TWB",\N,"Subscription",\N,\N,"1",\N,\N,"processing","0"
"180","TimesWorld24_Com_ Daily News alert service  ","0303413132","0303413132","16232","TWD",\N,"Subscription",\N,\N,"1",\N,\N,"processing","0"
"181","TimesWorld24_Com_ Entertainment News alert service  ","0303413133","0303413133","16232","TWE",\N,"Subscription",\N,\N,"1",\N,\N,"processing","0"
"182","TimesWorld24_Com_ Sports News alert service  ","0303413135","0303413135","16232","TWS",\N,"Subscription",\N,\N,"1",\N,\N,"processing","0"
"183","TV Portal (GDL)","0303413176","0303413176","5959","GDLTV",\N,"Subscription",\N,\N,"1",\N,\N,"processing","0"
"184","TV Portal (Gphone)","0303413177","0303413177","5959","GPTV",\N,"Subscription",\N,\N,"1",\N,\N,"processing","0"
"185","TV Portal (Mode)","0303413175","0303413175","5959","MOTV",\N,"Subscription",\N,\N,"1",\N,\N,"processing","0"
"186","TV Portal (My cell)","0303413185","0303413185","5959","MCTV",\N,"Subscription",\N,\N,"1",\N,\N,"processing","0"
"187","Weather Update alert service","0303413041","0303413041","5959","SW",\N,"Subscription",\N,\N,"1",\N,\N,"processing","0"
"256","22000BLANK","0303413228","0100396925","22000",\N,"http://192.168.250.147/robi_sdp/getMo.php","On demand",\N,\N,"1",\N,\N,"SUCCESS","0"
"257","2010LIST","0303413235","0300396946","2010",\N,"http://192.168.250.147/robi_sdp/getMo.php","On demand",\N,\N,"1",\N,\N,"Processing","0"
"258","2010INFO","0303413234","0300396945","2010",\N,"http://192.168.250.147/robi_sdp/getMo.php","On demand",\N,\N,"1",\N,"2014-10-22 01:25:30","SUCCESS","100"
"259","Robi-News_Bite_INDEX","0303413252","0300397236","22000",\N,"http://192.168.250.147/robi_sdp/getMo.php","On demand",\N,\N,"1",\N,"2014-10-22 01:25:29","SUCCESS","100"
"260","ATN_Bangla_Push_Pull_Service","0303413231","0300396929","2010",\N,"http://192.168.250.147/robi_sdp/getMo.php","On demand",\N,\N,"1",\N,"2014-10-22 01:25:29","SUCCESS","100"
"261","Robi_News_Bite_Help","0303413253","0300397241","22000",\N,"http://192.168.250.147/robi_sdp/getMo.php","On demand",\N,\N,"1",\N,"2014-10-22 01:25:29","SUCCESS","100"
"262","Parjatan_SMS_Service_13803","0303413241","0300397084","13803",\N,"http://192.168.250.147/robi_sdp/getMo.php","On demand",\N,\N,"1",\N,"2014-10-22 01:25:29","SUCCESS","100"
"263","SSL_Super_Deactivation ","0303413237","0300397064","5959",\N,"http://192.168.250.147/robi_sdp/getMo.php","On demand",\N,\N,"1",\N,"2014-10-22 01:25:29","SUCCESS","100"
"264","BRAC_EPL","0303413243","0300397100","16218",\N,"http://192.168.250.147/robi_sdp/getMo.php","On demand",\N,\N,"1",\N,"2014-10-22 01:25:29","SUCCESS","100"
"265","Bangladesh_Anti_Drug_Con_lotte","0303413250","0100397232","16305",\N,"http://192.168.250.147/robi_sdp/getMo.php","On demand",\N,\N,"1",\N,"2014-10-22 01:25:29","SUCCESS","100"
"266","Brac_Bank_information","0303413244","0300397112","16221",\N,"http://192.168.250.147/robi_sdp/getMo.php","On demand",\N,\N,"1",\N,"2014-10-22 01:25:29","SUCCESS","100"
"267","ATN_Bangla_Push_Pull_Service","0303413229","0100396927","2010",\N,"http://192.168.250.147/robi_sdp/getMo.php","On demand",\N,\N,"1",\N,"2014-10-22 01:25:29","SUCCESS","100"
"268","CAAB flight information_13601","0303413240","0300397077","13601",\N,"http://192.168.250.147/robi_sdp/getMo.php","On demand",\N,\N,"1",\N,"2014-10-22 01:23:32","SUCCESS","100"
"269","2010HELP","0303413233","0300396944","2010",\N,"http://192.168.250.147/robi_sdp/getMo.php","On demand",\N,\N,"1",\N,"2014-10-22 01:23:32","SUCCESS","100"
"270","AB_Bank_bnking_info_16207","0303413242","0300397093","16207",\N,"http://192.168.250.147/robi_sdp/getMo.php","On demand",\N,\N,"1",\N,"2014-10-22 01:23:32","SUCCESS","100"
"271","The_City_Bank_SMS_Service","0303413248","0100397222","16234",\N,"http://192.168.250.147/robi_sdp/getMo.php","On demand",\N,\N,"1",\N,"2014-10-22 01:23:32","SUCCESS","100"
"272","16232BLANK","0303413247","0300397188","16232",\N,"http://192.168.250.147/robi_sdp/getMo.php","On demand",\N,\N,"1",\N,"2014-10-22 01:23:32","SUCCESS","100"
"273","SSL_Push_Pull_SMS_service_6969","0303413238","0300397069","6969",\N,"http://192.168.250.147/robi_sdp/getMo.php","On demand",\N,\N,"1",\N,"2014-10-22 01:23:31","SUCCESS","100"
"274","Maasranga_TV-Push_Pull_SMS_Ser","0303413249","0300397230","16239",\N,"http://192.168.250.147/robi_sdp/getMo.php","On demand",\N,\N,"1",\N,"2014-10-22 01:23:31","SUCCESS","100"
"275","2010INDEX","0303413232","0300396943","2010",\N,"http://192.168.250.147/robi_sdp/getMo.php","On demand",\N,\N,"1",\N,"2014-10-22 01:23:31","SUCCESS","100"
"276","ATN_Bangla_Push_Pull_Service","0303413230","0300396928","2010",\N,"http://192.168.250.147/robi_sdp/getMo.php","On demand",\N,\N,"1",\N,"2014-10-22 01:23:31","SUCCESS","100"
"277","4141_230","0303413236","0300397055","4141",\N,"http://192.168.250.147/robi_sdp/getMo.php","On demand",\N,\N,"1",\N,"2014-10-22 01:21:37","SUCCESS","100"
"278","Head_Neck cancer_Society","0303413251","0300397234","16329",\N,"http://192.168.250.147/robi_sdp/getMo.php","On demand",\N,\N,"1",\N,"2014-10-22 01:04:34","SUCCESS","100"
"279","SSL Push-Pull SMS service_9696","0303413239","0300397070","9696",\N,"http://192.168.250.147/robi_sdp/getMo.php","On demand",\N,\N,"1",\N,"2014-10-22 01:04:31","SUCCESS","100"
"280","Independent_TV_Push_Pull_Based","0303413246","0300397163","16232",\N,"http://192.168.250.147/robi_sdp/getMo.php","On demand",\N,\N,"1",\N,"2014-10-22 01:04:29","SUCCESS","100"
"281","Bangladesh_Society_HLS","0303413245","0300397121","16223",\N,"http://192.168.250.147/robi_sdp/getMo.php","On demand",\N,\N,"1",\N,"2014-10-22 01:03:12","SUCCESS","100"
"287","SSLW","01003929710","0100393902","190","SSLW",\N,"Subscription",\N,\N,"1",\N,\N,"processing","0"
"288","190OND","100393527","0100393903","190",\N,"http://192.168.250.147/robi_sdp/getMo.php","On demand",\N,\N,"1",\N,"2014-10-22 01:03:06","SUCCESS","100"
"289","Daily_Star","0303413262","0300398311","22000","DS",\N,"Subscription",\N,\N,"1",\N,\N,"processing","0"
"290","ATN_Bangla","0303413255","0300398304","22000","AN",\N,"Subscription\
",\N,\N,"1",\N,\N,"processing","0"
"291","Independent_TV","0303413254","0300398303","22000","IN",\N,"Subscription",\N,\N,"1",\N,\N,"processing","0"
"292","Kaler_Kantho","0303413261","0300398310","22000","KK",\N,"Subscription",\N,\N,"1",\N,\N,"processing","0"
"293","Entertainment","0303413258","0300398307","22000","EN",\N,"Subscription",\N,\N,"1",\N,\N,"processing","0"
"294","Dhakatimes24_News","0303413256","0300398305","22000","DT",\N,"Subscription",\N,\N,"1",\N,\N,"processing","0"
"295","Prothom_Alo","0303413253","0300398302","22000","PA",\N,"Subscription",\N,\N,"1",\N,\N,"processing","0"
"296","Cricket_News","0303413257","0300398493","22000","CN",\N,"Subscription",\N,\N,"1",\N,\N,"processing","0"
"297","NTV_News","0303413259","0300398308","22000","NTV",\N,"Subscription",\N,\N,"1",\N,\N,"processing","0"
"298","New_Age_News","0303413260","0300398309","22000","NA",\N,"Subscription",\N,\N,"1",\N,\N,"processing","0"
